{
  "mean_iou": 0.8820651183125271,
  "mean_iou_with_background": 0.9045665094694341,
  "pixel_accuracy": 0.9921190049913194,
  "per_class_iou": {
    "background": 0.9945720740970617,
    "crack": 0.9164430130613705,
    "hot_spot": 0.757919872645264,
    "delamination": 0.9023520570505749,
    "missing_fastener": 0.9515455304928989
  },
  "meta": {
    "n_train": 480,
    "n_test": 160,
    "frame_size": 96,
    "seed": 42,
    "epochs": 16,
    "batch_size": 16,
    "lr": 0.001,
    "num_parameters": 116821,
    "generated_at": "2026-07-23T14:12:03Z"
  }
}
