{
  "mean_iou": 0.8773940472989443,
  "mean_iou_with_background": 0.9007678257483567,
  "pixel_accuracy": 0.9920111762152778,
  "per_class_iou": {
    "background": 0.9942629395460063,
    "crack": 0.9131981501245109,
    "hot_spot": 0.750311811692275,
    "delamination": 0.9083102896230534,
    "missing_fastener": 0.9377559377559378
  },
  "meta": {
    "n_train": 480,
    "n_test": 160,
    "frame_size": 96,
    "seed": 42,
    "epochs": 16,
    "batch_size": 16,
    "lr": 0.001,
    "num_parameters": 117141,
    "generated_at": "2026-06-18T21:58:47Z"
  }
}
